Arctic Studies (ARCTIC): 
ARCTIC200
ARCTIC498

Honors (HONORS): 
HONORS100
HONORS205
HONORS210
HONORS220
HONORS230
HONORS240
HONORS345
HONORS350
HONORS392
HONORS394
HONORS397
HONORS398
HONORS496
HONORS499

University Academy (ACADEM): 
ACADEM197

Afro-American Studies (AFRAM): 
AFRAM101
AFRAM150
AFRAM246
AFRAM318
AFRAM330
AFRAM334
AFRAM499

American Ethnic Studies (AES): 
AES150
AES211
AES389
AES494
AES496
AES499

Asian-American Studies (AAS): 
AAS330
AAS360
AAS370
AAS385
AAS395
AAS499

Chicano Studies (CHSTU): 
CHSTU200
CHSTU254
CHSTU255
CHSTU260
CHSTU330
CHSTU499

Swahili (SWA): 
SWA101
SWA201

Tagalog (TAGLG): 
TAGLG101
TAGLG201

American Indian Studies (AIS): 
AIS102
AIS203
AIS331
AIS378
AIS475
AIS498
AIS499
AIS503
AIS590

Anthropology (ANTH): 
ANTH101
ANTH203
ANTH211
ANTH215
ANTH305
ANTH313
ANTH361
ANTH380
ANTH432
ANTH433
ANTH448
ANTH461
ANTH466
ANTH475
ANTH479
ANTH489
ANTH499
ANTH503
ANTH532
ANTH550
ANTH600
ANTH700
ANTH800

Archaeology (ARCHY): 
ARCHY101
ARCHY205
ARCHY299
ARCHY320
ARCHY325
ARCHY466
ARCHY483
ARCHY489
ARCHY490
ARCHY499
ARCHY525
ARCHY576
ARCHY600
ARCHY601

Biocultural Anthropology (BIO A): 
BIOA101
BIOA201
BIOA355
BIOA466
BIOA482
BIOA499
BIOA590
BIOA600

Applied Mathematics (AMATH): 
AMATH301
AMATH351
AMATH352
AMATH383
AMATH401
AMATH481
AMATH498
AMATH499
AMATH500
AMATH501
AMATH505
AMATH512
AMATH514
AMATH531
AMATH567
AMATH573
AMATH581
AMATH584
AMATH590
AMATH600
AMATH700
AMATH800

Computational Finance and Risk Management (CFRM): 
CFRM541
CFRM544
CFRM547
CFRM555
CFRM556

Art (ART): 
ART101
ART140
ART190
ART201
ART202
ART227
ART233
ART240
ART245
ART246
ART272
ART273
ART290
ART292
ART332
ART338
ART339
ART340
ART350
ART353
ART365
ART390
ART392
ART393
ART400
ART440
ART453
ART490
ART494
ART496
ART498
ART515
ART553
ART555
ART590
ART592
ART595
ART600
ART700

Art History (ART H): 
ARTH201
ARTH203
ARTH205
ARTH260
ARTH290
ARTH309
ARTH314
ARTH361
ARTH384
ARTH471
ARTH484
ARTH498
ARTH499
ARTH500
ARTH524
ARTH525
ARTH577
ARTH581
ARTH597
ARTH598
ARTH599
ARTH600
ARTH700
ARTH800

Design (DESIGN): 
DESIGN165
DESIGN207
DESIGN210
DESIGN316
DESIGN321
DESIGN366
DESIGN376
DESIGN381
DESIGN383
DESIGN445
DESIGN467
DESIGN478
DESIGN481
DESIGN488
DESIGN495
DESIGN499
DESIGN581
DESIGN582
DESIGN600
DESIGN700

Asian Languages and Literature (ASIAN): 
ASIAN203
ASIAN207
ASIAN498
ASIAN510
ASIAN600
ASIAN700
ASIAN800

Bengali (BENG): 
BENG311
BENG321
BENG401
BENG499

Chinese (CHIN): 
CHIN101
CHIN111
CHIN201
CHIN211
CHIN301
CHIN342
CHIN385
CHIN411
CHIN443
CHIN451
CHIN461
CHIN482
CHIN499
CHIN551
CHIN560
CHIN575

Hindi (HINDI): 
HINDI311
HINDI321
HINDI401
HINDI431
HINDI499

Indian (INDN): 
INDN499
INDN590

Indonesian (INDO): 
INDO111
INDO211
INDO311
INDO499

Japanese (JAPAN): 
JAPAN111
JAPAN211
JAPAN311
JAPAN321
JAPAN325
JAPAN342
JAPAN343
JAPAN360
JAPAN421
JAPAN431
JAPAN471
JAPAN499
JAPAN531

Korean (KOREAN): 
KOREAN101
KOREAN135
KOREAN201
KOREAN301
KOREAN415
KOREAN499

Sanskrit (SNKRT): 
SNKRT301
SNKRT401
SNKRT411
SNKRT499
SNKRT581

Thai (THAI): 
THAI111
THAI211
THAI311
THAI499

Urdu (URDU): 
URDU311
URDU321
URDU401
URDU499

Vietnamese (VIET): 
VIET111
VIET211
VIET311
VIET499

Astronomy (ASTR): 
ASTR101
ASTR102
ASTR115
ASTR150
ASTR192
ASTR300
ASTR301
ASTR321
ASTR400
ASTR482
ASTR498
ASTR499
ASTR500
ASTR508
ASTR541
ASTR575
ASTR576
ASTR600
ASTR800

Astrobiology (ASTBIO): 
ASTBIO115
ASTBIO501
ASTBIO576
ASTBIO600

Biology (BIOL): 
BIOL106
BIOL114
BIOL118
BIOL119
BIOL180
BIOL200
BIOL220
BIOL250
BIOL302
BIOL315
BIOL340
BIOL350
BIOL354
BIOL355
BIOL356
BIOL360
BIOL396
BIOL399
BIOL400
BIOL401
BIOL404
BIOL411
BIOL441
BIOL442
BIOL448
BIOL453
BIOL462
BIOL466
BIOL468
BIOL473
BIOL474
BIOL479
BIOL481
BIOL483
BIOL485
BIOL488
BIOL490
BIOL497
BIOL498
BIOL499
BIOL500
BIOL501
BIOL502
BIOL511
BIOL520
BIOL540
BIOL541
BIOL543
BIOL545
BIOL550
BIOL551
BIOL552
BIOL555
BIOL560
BIOL561
BIOL563
BIOL571
BIOL580
BIOL581
BIOL590
BIOL591
BIOL600
BIOL700
BIOL800

Biology (BIOL): 
BIOL106
BIOL114
BIOL118
BIOL119
BIOL180
BIOL200
BIOL220
BIOL250
BIOL302
BIOL315
BIOL340
BIOL350
BIOL354
BIOL355
BIOL356
BIOL360
BIOL396
BIOL399
BIOL400
BIOL401
BIOL404
BIOL411
BIOL441
BIOL442
BIOL448
BIOL453
BIOL462
BIOL466
BIOL468
BIOL473
BIOL474
BIOL479
BIOL481
BIOL483
BIOL485
BIOL488
BIOL490
BIOL497
BIOL498
BIOL499
BIOL500
BIOL501
BIOL502
BIOL511
BIOL520
BIOL540
BIOL541
BIOL543
BIOL545
BIOL550
BIOL551
BIOL552
BIOL555
BIOL560
BIOL561
BIOL563
BIOL571
BIOL580
BIOL581
BIOL590
BIOL591
BIOL600
BIOL700
BIOL800

Jackson School of International Studies: 
Center for Statistics and Social Sciences
	(CS&SS): 
CS&SS221
CS&SS321
CS&SS509
CS&SS510
CS&SS536
CS&SS589
CS&SS590

Center for Studies in Demography and Ecology (CSDE): 
CSDE501
CSDE502
CSDE513
CSDE595

Center for the Humanities (HUM): 
HUM594
HUM596
HUM597
HUM602
HUM603

Chemistry (CHEM): 
CHEM110
CHEM120
CHEM142
CHEM145
CHEM152
CHEM162
CHEM198
CHEM199
CHEM223
CHEM237
CHEM238
CHEM239
CHEM241
CHEM242
CHEM299
CHEM312
CHEM321
CHEM335
CHEM399
CHEM416
CHEM452
CHEM455
CHEM458
CHEM460
CHEM461
CHEM462
CHEM464
CHEM475
CHEM484
CHEM499
CHEM501
CHEM508
CHEM520
CHEM530
CHEM550
CHEM581
CHEM590
CHEM591
CHEM592
CHEM593
CHEM595
CHEM597
CHEM600
CHEM700
CHEM800

Classical Archaeology (CL AR): 
CLAR342

Classical Linguistics (CL LI): 
CLLI501

Classics (CLAS): 
CLAS101
CLAS205
CLAS210
CLAS324
CLAS399
CLAS430
CLAS490
CLAS495
CLAS700
CLAS800

Greek (GREEK): 
GREEK101
GREEK305
GREEK442
GREEK490
GREEK590
GREEK600

Latin (LATIN): 
LATIN101
LATIN305
LATIN422
LATIN457
LATIN490
LATIN500
LATIN590
LATIN600

Communication (COM): 
COM201
COM202
COM220
COM270
COM289
COM300
COM301
COM302
COM304
COM334
COM343
COM360
COM361
COM362
COM364
COM375
COM389
COM395
COM431
COM436
COM440
COM444
COM457
COM459
COM468
COM470
COM478
COM483
COM495
COM496
COM497
COM498
COM499
COM500
COM513
COM519
COM580
COM590
COM591
COM592
COM593
COM596
COM600
COM700
COM800

Comparative History of Ideas (CHID): 
CHID101
CHID207
CHID210
CHID222
CHID230
CHID250
CHID270
CHID280
CHID298
CHID350
CHID390
CHID434
CHID459
CHID480
CHID490
CHID491
CHID492
CHID493
CHID496
CHID497
CHID498
CHID499

Comparative Literature (C LIT): 
CLIT230
CLIT240
CLIT250
CLIT252
CLIT270
CLIT300
CLIT301
CLIT302
CLIT303
CLIT311
CLIT315
CLIT320
CLIT397
CLIT400
CLIT410
CLIT490
CLIT491
CLIT495
CLIT497
CLIT509
CLIT520
CLIT548
CLIT570
CLIT590
CLIT599
CLIT600
CLIT700
CLIT800

Jackson School of International Studies (Comparative Religion/Jewish Studies) (JSIS C): 
JSISC145
JSISC201
JSISC295
JSISC322
JSISC357
JSISC408
JSISC466
JSISC489
JSISC490
JSISC493
JSISC501
JSISC590
JSISC598

-- see Computer Science and Engineering: 
CSE131
CSE142
CSE143
CSE154
CSE190
CSE311
CSE312
CSE331
CSE332
CSE333
CSE344
CSE351
CSE352
CSE373
CSE390
CSE403
CSE413
CSE421
CSE440
CSE451
CSE455
CSE457
CSE458
CSE459
CSE461
CSE464
CSE466
CSE473
CSE481
CSE484
CSE486
CSE490
CSE498
CSE499
CSE505
CSE519
CSE520
CSE527
CSE546
CSE548
CSE550
CSE557
CSE573
CSE586
CSE590
CSE591
CSE599
CSE600
CSE700
CSE800

Dance (DANCE): 
DANCE100
DANCE101
DANCE102
DANCE103
DANCE104
DANCE107
DANCE110
DANCE166
DANCE201
DANCE204
DANCE210
DANCE230
DANCE234
DANCE242
DANCE270
DANCE271
DANCE301
DANCE304
DANCE310
DANCE371
DANCE401
DANCE404
DANCE416
DANCE450
DANCE493
DANCE499
DANCE520
DANCE530
DANCE600

Digital Arts and Experimental Media (DXARTS): 
DXARTS200
DXARTS450
DXARTS460
DXARTS470
DXARTS490
DXARTS500
DXARTS598
DXARTS600
DXARTS800

Disability Studies (DIS ST): 
DISST230
DISST434

Drama (DRAMA): 
DRAMA101
DRAMA103
DRAMA201
DRAMA210
DRAMA211
DRAMA251
DRAMA290
DRAMA291
DRAMA292
DRAMA298
DRAMA302
DRAMA303
DRAMA317
DRAMA351
DRAMA371
DRAMA391
DRAMA406
DRAMA410
DRAMA416
DRAMA419
DRAMA421
DRAMA456
DRAMA466
DRAMA490
DRAMA491
DRAMA493
DRAMA494
DRAMA498
DRAMA499
DRAMA510
DRAMA512
DRAMA514
DRAMA520
DRAMA551
DRAMA557
DRAMA558
DRAMA559
DRAMA560
DRAMA561
DRAMA562
DRAMA563
DRAMA566
DRAMA567
DRAMA569
DRAMA575
DRAMA585
DRAMA599
DRAMA600
DRAMA700
DRAMA800

Economics (ECON): 
ECON200
ECON201
ECON300
ECON301
ECON382
ECON399
ECON400
ECON401
ECON421
ECON422
ECON424
ECON425
ECON435
ECON436
ECON443
ECON464
ECON471
ECON472
ECON482
ECON483
ECON485
ECON495
ECON496
ECON499
ECON500
ECON502
ECON516
ECON520
ECON534
ECON535
ECON574
ECON580
ECON583
ECON594
ECON600
ECON601
ECON602
ECON800

English (ENGL): 
ENGL102
ENGL103
ENGL104
ENGL105
ENGL107
ENGL108
ENGL109
ENGL111
ENGL115
ENGL121
ENGL131
ENGL197
ENGL198
ENGL199
ENGL200
ENGL207
ENGL213
ENGL225
ENGL242
ENGL244
ENGL250
ENGL251
ENGL270
ENGL281
ENGL283
ENGL284
ENGL297
ENGL298
ENGL299
ENGL300
ENGL301
ENGL302
ENGL304
ENGL306
ENGL307
ENGL309
ENGL314
ENGL315
ENGL318
ENGL319
ENGL321
ENGL322
ENGL323
ENGL330
ENGL333
ENGL334
ENGL335
ENGL336
ENGL342
ENGL346
ENGL348
ENGL349
ENGL351
ENGL352
ENGL355
ENGL357
ENGL365
ENGL370
ENGL376
ENGL381
ENGL383
ENGL384
ENGL385
ENGL440
ENGL442
ENGL457
ENGL471
ENGL479
ENGL483
ENGL484
ENGL485
ENGL491
ENGL492
ENGL493
ENGL494
ENGL496
ENGL498
ENGL499
ENGL506
ENGL509
ENGL527
ENGL532
ENGL537
ENGL543
ENGL550
ENGL559
ENGL567
ENGL569
ENGL570
ENGL572
ENGL575
ENGL581
ENGL584
ENGL585
ENGL586
ENGL587
ENGL590
ENGL591
ENGL592
ENGL597
ENGL600
ENGL601
ENGL700
ENGL800

Gender, Women, and Sexuality Studies (GWSS): 
GWSS200
GWSS244
GWSS251
GWSS262
GWSS350
GWSS357
GWSS389
GWSS390
GWSS464
GWSS485
GWSS493
GWSS495
GWSS496
GWSS497
GWSS499
GWSS501
GWSS504
GWSS542
GWSS564
GWSS590
GWSS593
GWSS595
GWSS598
GWSS599
GWSS600
GWSS700
GWSS701
GWSS800

General Studies (GEN ST): 
GENST101
GENST105
GENST197
GENST199
GENST297
GENST344
GENST346
GENST350
GENST391
GENST470

Individualized Studies (INDIV): 
INDIV493

Genome Sciences: 
GENOME361
GENOME371
GENOME372
GENOME453
GENOME499
GENOME501
GENOME520
GENOME521
GENOME522
GENOME523
GENOME525
GENOME550
GENOME552
GENOME553
GENOME573
GENOME581
GENOME584
GENOME599
GENOME600
GENOME700
GENOME800

Geography (GEOG): 
GEOG102
GEOG123
GEOG205
GEOG207
GEOG230
GEOG277
GEOG295
GEOG310
GEOG315
GEOG360
GEOG375
GEOG377
GEOG425
GEOG435
GEOG445
GEOG482
GEOG494
GEOG496
GEOG497
GEOG499
GEOG500
GEOG513
GEOG525
GEOG560
GEOG580
GEOG582
GEOG598
GEOG600
GEOG700
GEOG800

Germanics (GERMAN): 
GERMAN101
GERMAN103
GERMAN111
GERMAN150
GERMAN199
GERMAN201
GERMAN202
GERMAN203
GERMAN221
GERMAN275
GERMAN295
GERMAN301
GERMAN322
GERMAN395
GERMAN401
GERMAN421
GERMAN444
GERMAN446
GERMAN447
GERMAN497
GERMAN498
GERMAN499
GERMAN504
GERMAN518
GERMAN575
GERMAN576
GERMAN580
GERMAN600
GERMAN700
GERMAN800

Greek (Modern) -- see International Studies (Language) (JSIS E): 
JSISE111
JSISE211

Jackson School of International Studies: 
Ancient and Medieval History (HSTAM): 
HSTAM111
HSTAM235
HSTAM325
HSTAM340
HSTAM370
HSTAM401

Comparative and Transregional History (HSTCMP): 
HSTCMP207
HSTCMP247
HSTCMP311
HSTCMP469
HSTCMP485

History of Africa and the Middle East (HSTAFM): 
HSTAFM151
HSTAFM163

History of Asia (HSTAS): 
HSTAS202
HSTAS212
HSTAS265
HSTAS423
HSTAS454
HSTAS521

History of Latin America and the Caribbean (HSTLAC): 
HSTLAC185

History of Modern Europe (HSTEU): 
HSTEU274
HSTEU303
HSTEU376
HSTEU380
HSTEU490
HSTEU513

History of North America (United States and Canada (HSTAA): 
HSTAA110
HSTAA150
HSTAA221
HSTAA301
HSTAA331
HSTAA334
HSTAA465
HSTAA525
HSTAA532

History Seminars and Independent Studies (HSTRY): 
HSTRY388
HSTRY491
HSTRY493
HSTRY494
HSTRY495
HSTRY498
HSTRY499
HSTRY500
HSTRY570
HSTRY600
HSTRY800

Humanities -- Center for the Humanities (HUM): 
HUM594
HUM596
HUM597
HUM602
HUM603

Integrated Sciences (INTSCI): 
INTSCI197
INTSCI401
INTSCI491

Jackson School of International Studies: 
International Studies Core and Gateway Courses (JSIS): 
JSIS123
JSIS200
JSIS203
JSIS478
JSIS480
JSIS482
JSIS484
JSIS485
JSIS486
JSIS491
JSIS493
JSIS497
JSIS498
JSIS499
JSIS501
JSIS578
JSIS584
JSIS586
JSIS591
JSIS594
JSIS595
JSIS600
JSIS700

International Studies Area Studies (JSIS A): 
JSISA110
JSISA202
JSISA210
JSISA212
JSISA260
JSISA265
JSISA280
JSISA301
JSISA322
JSISA360
JSISA379
JSISA408
JSISA423
JSISA431
JSISA437
JSISA448
JSISA457
JSISA491
JSISA492
JSISA494
JSISA504
JSISA508
JSISA512
JSISA513
JSISA519
JSISA535
JSISA537
JSISA540
JSISA544
JSISA555
JSISA560
JSISA584

International Studies Global/Thematic Courses (JSIS B): 
JSISB324
JSISB331
JSISB344
JSISB375
JSISB423
JSISB429
JSISB446
JSISB472
JSISB529
JSISB572

International Studies Comparative Religion and Jewish Studies Courses (JSIS C): 
JSISC145
JSISC201
JSISC295
JSISC322
JSISC357
JSISC408
JSISC466
JSISC489
JSISC490
JSISC493
JSISC501
JSISC590
JSISC598

International Studies (JSIS D): 
JSISD445

International Studies Language Courses (JSIS E): 
JSISE111
JSISE211

Jackson School of International Studies (Comparative Religion/Jewish Studies) (JSIS C): 
JSISC145
JSISC201
JSISC295
JSISC322
JSISC357
JSISC408
JSISC466
JSISC489
JSISC490
JSISC493
JSISC501
JSISC590
JSISC598

Law, Societies, and Justice (LSJ): 
LSJ200
LSJ230
LSJ310
LSJ320
LSJ327
LSJ367
LSJ376
LSJ401
LSJ426
LSJ434
LSJ488
LSJ489
LSJ491
LSJ499

American Sign Language (ASL): 
ASL101
ASL201
ASL499

Linguistics (LING): 
LING100
LING200
LING203
LING242
LING419
LING432
LING433
LING442
LING447
LING449
LING450
LING461
LING470
LING490
LING499
LING507
LING532
LING533
LING542
LING549
LING550
LING566
LING570
LING580
LING590
LING599
LING600
LING700
LING800

Literature (LIT): 
LIT228
LIT298

Mathematics (MATH): 
MATH098
MATH100
MATH102
MATH103
MATH111
MATH120
MATH124
MATH125
MATH126
MATH134
MATH197
MATH198
MATH300
MATH301
MATH307
MATH308
MATH309
MATH324
MATH326
MATH327
MATH334
MATH380
MATH381
MATH390
MATH394
MATH398
MATH402
MATH407
MATH411
MATH424
MATH427
MATH441
MATH461
MATH464
MATH491
MATH496
MATH498
MATH504
MATH510
MATH514
MATH521
MATH524
MATH530
MATH534
MATH544
MATH550
MATH554
MATH557
MATH570
MATH574
MATH580
MATH581
MATH584
MATH590
MATH597
MATH600
MATH700
MATH800

Music (MUSIC): 
MUSIC113
MUSIC116
MUSIC117
MUSIC119
MUSIC120
MUSIC161
MUSIC162
MUSIC185
MUSIC203
MUSIC206
MUSIC216
MUSIC240
MUSIC250
MUSIC291
MUSIC303
MUSIC306
MUSIC316
MUSIC325
MUSIC326
MUSIC331
MUSIC350
MUSIC352
MUSIC367
MUSIC379
MUSIC380
MUSIC382
MUSIC391
MUSIC401
MUSIC411
MUSIC434
MUSIC435
MUSIC437
MUSIC445
MUSIC458
MUSIC460
MUSIC464
MUSIC467
MUSIC476
MUSIC479
MUSIC485
MUSIC487
MUSIC491
MUSIC498
MUSIC499
MUSIC512
MUSIC531
MUSIC533
MUSIC551
MUSIC553
MUSIC559
MUSIC574
MUSIC580
MUSIC583
MUSIC590
MUSIC591
MUSIC599
MUSIC600
MUSIC700
MUSIC800

Music - Applied (MUSAP): 
MUSAP133
MUSAP134
MUSAP135
MUSAP205
MUSAP210
MUSAP217
MUSAP218
MUSAP233
MUSAP234
MUSAP235
MUSAP239
MUSAP389
MUSAP442
MUSAP443
MUSAP589

Music Education (MUSED): 
MUSED304
MUSED405
MUSED452
MUSED496
MUSED501
MUSED575

Music Ensemble (MUSEN): 
MUSEN100
MUSEN200
MUSEN201
MUSEN210
MUSEN300
MUSEN301
MUSEN302
MUSEN303
MUSEN304
MUSEN305
MUSEN306
MUSEN307
MUSEN308
MUSEN309
MUSEN325
MUSEN345
MUSEN346
MUSEN350
MUSEN351
MUSEN368
MUSEN369
MUSEN375
MUSEN381
MUSEN383
MUSEN384
MUSEN410
MUSEN411
MUSEN446
MUSEN500
MUSEN501
MUSEN502
MUSEN503
MUSEN504
MUSEN505
MUSEN506
MUSEN507
MUSEN508
MUSEN509
MUSEN511
MUSEN525
MUSEN545
MUSEN546
MUSEN550
MUSEN551
MUSEN568
MUSEN569
MUSEN575
MUSEN581
MUSEN583
MUSEN584

Music History (MUHST): 
MUHST210
MUHST419
MUHST425
MUHST500
MUHST503

Music Performance (MUSICP): 
MUSICP300
MUSICP301
MUSICP302
MUSICP303
MUSICP304
MUSICP305
MUSICP306
MUSICP307
MUSICP308
MUSICP309
MUSICP310
MUSICP311
MUSICP312
MUSICP313
MUSICP314
MUSICP315
MUSICP316
MUSICP317
MUSICP318
MUSICP319
MUSICP320
MUSICP321
MUSICP322
MUSICP323
MUSICP324
MUSICP325
MUSICP326
MUSICP327
MUSICP328
MUSICP329
MUSICP330
MUSICP331
MUSICP332
MUSICP333
MUSICP334
MUSICP335
MUSICP336
MUSICP337
MUSICP338
MUSICP339
MUSICP340
MUSICP341
MUSICP342
MUSICP343
MUSICP363
MUSICP420
MUSICP421
MUSICP422
MUSICP423
MUSICP424
MUSICP425
MUSICP426
MUSICP427
MUSICP428
MUSICP429
MUSICP430
MUSICP431
MUSICP432
MUSICP433
MUSICP434
MUSICP435
MUSICP436
MUSICP437
MUSICP438
MUSICP439
MUSICP440
MUSICP441
MUSICP442
MUSICP463
MUSICP494
MUSICP495
MUSICP500
MUSICP501
MUSICP502
MUSICP503
MUSICP504
MUSICP505
MUSICP506
MUSICP507
MUSICP508
MUSICP509
MUSICP510
MUSICP511
MUSICP512
MUSICP513
MUSICP514
MUSICP515
MUSICP516
MUSICP517
MUSICP518
MUSICP519
MUSICP520
MUSICP521
MUSICP522
MUSICP523
MUSICP524
MUSICP525
MUSICP526
MUSICP527
MUSICP528
MUSICP529
MUSICP530
MUSICP531
MUSICP532
MUSICP533
MUSICP534
MUSICP535
MUSICP536
MUSICP537
MUSICP538
MUSICP539
MUSICP540
MUSICP541
MUSICP542
MUSICP543
MUSICP563
MUSICP570
MUSICP571
MUSICP572
MUSICP573
MUSICP574
MUSICP575
MUSICP576
MUSICP577
MUSICP578
MUSICP579
MUSICP580
MUSICP581
MUSICP582
MUSICP583
MUSICP584
MUSICP585
MUSICP586
MUSICP587
MUSICP588
MUSICP590
MUSICP591
MUSICP592
MUSICP593
MUSICP594
MUSICP595

Arabic (ARAB): 
ARAB411
ARAB421
ARAB453
ARAB490
ARAB496
ARAB499
ARAB596
ARAB600

Egyptian (EGYPT): 
EGYPT411

Hebrew (HEBR): 
HEBR411
HEBR414
HEBR421
HEBR452
HEBR490
HEBR499
HEBR600

Near Eastern Languages and Civilization (NEAR E): 
NEARE210
NEARE220
NEARE375
NEARE402
NEARE423
NEARE490
NEARE491
NEARE496
NEARE498
NEARE499
NEARE518
NEARE524
NEARE591
NEARE595
NEARE596
NEARE600
NEARE700

Persian (PRSAN): 
PRSAN411
PRSAN421
PRSAN453
PRSAN490
PRSAN499
PRSAN600

Turkic (TKIC): 
TKIC417
TKIC427
TKIC490
TKIC496
TKIC499
TKIC596
TKIC600

Turkish (TKISH): 
TKISH411
TKISH421
TKISH451
TKISH453
TKISH490
TKISH496
TKISH499
TKISH600

Ugaritic (UGARIT): 
UGARIT451

Neurobiology (NBIO): 
NBIO401
NBIO450
NBIO490
NBIO499

Philosophy (PHIL): 
PHIL100
PHIL102
PHIL115
PHIL120
PHIL160
PHIL200
PHIL205
PHIL240
PHIL242
PHIL320
PHIL332
PHIL345
PHIL360
PHIL401
PHIL410
PHIL412
PHIL416
PHIL437
PHIL450
PHIL481
PHIL484
PHIL495
PHIL498
PHIL500
PHIL505
PHIL520
PHIL540
PHIL584
PHIL595
PHIL600
PHIL800

Values in Society (VALUES): 
VALUES511

Physics (PHYS): 
PHYS101
PHYS104
PHYS114
PHYS115
PHYS116
PHYS117
PHYS118
PHYS119
PHYS121
PHYS122
PHYS123
PHYS210
PHYS217
PHYS224
PHYS226
PHYS227
PHYS231
PHYS248
PHYS321
PHYS324
PHYS328
PHYS331
PHYS401
PHYS405
PHYS407
PHYS410
PHYS411
PHYS422
PHYS433
PHYS434
PHYS441
PHYS451
PHYS485
PHYS494
PHYS499
PHYS501
PHYS513
PHYS517
PHYS524
PHYS528
PHYS530
PHYS543
PHYS555
PHYS564
PHYS570
PHYS575
PHYS578
PHYS580
PHYS581
PHYS582
PHYS585
PHYS586
PHYS587
PHYS588
PHYS589
PHYS600
PHYS800

Political Science (POL S): 
POLS120
POLS201
POLS202
POLS203
POLS204
POLS246
POLS270
POLS281
POLS304
POLS309
POLS321
POLS322
POLS327
POLS331
POLS353
POLS367
POLS368
POLS398
POLS402
POLS405
POLS413
POLS424
POLS430
POLS442
POLS445
POLS447
POLS461
POLS472
POLS475
POLS488
POLS489
POLS496
POLS499
POLS500
POLS505
POLS510
POLS511
POLS519
POLS527
POLS535
POLS555
POLS572
POLS588
POLS595
POLS597
POLS598
POLS600
POLS800

Psychology (PSYCH): 
PSYCH101
PSYCH202
PSYCH206
PSYCH209
PSYCH250
PSYCH299
PSYCH300
PSYCH305
PSYCH306
PSYCH315
PSYCH317
PSYCH330
PSYCH331
PSYCH332
PSYCH333
PSYCH334
PSYCH350
PSYCH355
PSYCH357
PSYCH400
PSYCH403
PSYCH421
PSYCH437
PSYCH443
PSYCH447
PSYCH448
PSYCH450
PSYCH456
PSYCH466
PSYCH480
PSYCH488
PSYCH489
PSYCH494
PSYCH496
PSYCH497
PSYCH498
PSYCH499
PSYCH500
PSYCH505
PSYCH514
PSYCH517
PSYCH522
PSYCH524
PSYCH531
PSYCH536
PSYCH543
PSYCH546
PSYCH550
PSYCH551
PSYCH552
PSYCH553
PSYCH554
PSYCH555
PSYCH556
PSYCH557
PSYCH558
PSYCH560
PSYCH577
PSYCH587
PSYCH589
PSYCH591
PSYCH593
PSYCH594
PSYCH596
PSYCH597
PSYCH598
PSYCH599
PSYCH600
PSYCH700
PSYCH800

French (FRENCH): 
FRENCH101
FRENCH102
FRENCH103
FRENCH201
FRENCH202
FRENCH203
FRENCH228
FRENCH301
FRENCH303
FRENCH305
FRENCH376
FRENCH390
FRENCH448
FRENCH490
FRENCH499
FRENCH510
FRENCH590
FRENCH600
FRENCH800

Italian (ITAL): 
ITAL101
ITAL201
ITAL260
ITAL301
ITAL351
ITAL366
ITAL390
ITAL401
ITAL466
ITAL499
ITAL501
ITAL590
ITAL600

Portuguese (PORT): 
PORT110
PORT202

Spanish (SPAN): 
SPAN101
SPAN102
SPAN103
SPAN110
SPAN121
SPAN201
SPAN202
SPAN203
SPAN301
SPAN302
SPAN303
SPAN307
SPAN314
SPAN316
SPAN321
SPAN331
SPAN360
SPAN390
SPAN392
SPAN394
SPAN396
SPAN406
SPAN447
SPAN473
SPAN490
SPAN491
SPAN499
SPAN510
SPAN573
SPAN593
SPAN600
SPAN700
SPAN800

Spanish Linguistics (SPLING): 
SPLING406

Jackson School of International Studies: 
Danish (DANISH): 
DANISH101
DANISH201
DANISH310
DANISH490

Estonian (ESTO): 
ESTO101
ESTO201
ESTO490

Finnish (FINN): 
FINN101
FINN201
FINN310
FINN490

Icelandic (ICEL): 

Latvian (LATV): 
LATV101
LATV490

Lithuanian (LITH): 
LITH101
LITH201
LITH490

Norwegian (NORW): 
NORW101
NORW201
NORW310
NORW490

Scandinavian (SCAND): 
SCAND230
SCAND232
SCAND275
SCAND340
SCAND367
SCAND370
SCAND380
SCAND490
SCAND498
SCAND499
SCAND505
SCAND519
SCAND590
SCAND595
SCAND600
SCAND700
SCAND800

Swedish (SWED): 
SWED101
SWED201
SWED301
SWED490

Bosnian/Croatian/Serbian (BCS): 
BCS401

Bulgarian (BULGR): 

Czech (CZECH): 

Georgian (GEORG): 

Polish (POLSH): 
POLSH320

Romanian (Slavic) (ROMN): 

Russian (RUSS): 
RUSS101
RUSS110
RUSS120
RUSS201
RUSS210
RUSS301
RUSS304
RUSS401
RUSS420
RUSS423
RUSS426
RUSS499
RUSS501
RUSS520
RUSS600

Slavic (SLAV): 
SLAV110
SLAV223
SLAV425
SLAV499
SLAV518

Slavic Languages and Literatures (SLAVIC): 
SLAVIC498
SLAVIC600
SLAVIC800

Slovenian (SLVN): 

Ukrainian (UKR): 
UKR420

Sociology (SOC): 
SOC110
SOC221
SOC270
SOC271
SOC287
SOC292
SOC300
SOC316
SOC321
SOC351
SOC360
SOC374
SOC376
SOC379
SOC399
SOC401
SOC402
SOC403
SOC415
SOC434
SOC495
SOC496
SOC499
SOC501
SOC504
SOC510
SOC513
SOC518
SOC524
SOC536
SOC587
SOC600
SOC700
SOC800

Speech and Hearing Sciences (SPHSC): 
SPHSC100
SPHSC111
SPHSC303
SPHSC305
SPHSC371
SPHSC471
SPHSC491
SPHSC498
SPHSC499
SPHSC500
SPHSC501
SPHSC509
SPHSC518
SPHSC521
SPHSC537
SPHSC538
SPHSC539
SPHSC545
SPHSC551
SPHSC552
SPHSC555
SPHSC556
SPHSC561
SPHSC564
SPHSC565
SPHSC567
SPHSC570
SPHSC585
SPHSC588
SPHSC591
SPHSC593
SPHSC599
SPHSC600
SPHSC601
SPHSC602
SPHSC700
SPHSC800
SPHSC801

Statistics (STAT): 
STAT220
STAT221
STAT311
STAT321
STAT340
STAT390
STAT394
STAT421
STAT491
STAT499
STAT502
STAT509
STAT512
STAT516
STAT521
STAT535
STAT536
STAT551
STAT570
STAT578
STAT581
STAT590
STAT599
STAT600
STAT700
STAT800

see Gender, Women and Sexuality Studies: 
GWSS200
GWSS244
GWSS251
GWSS262
GWSS350
GWSS357
GWSS389
GWSS390
GWSS464
GWSS485
GWSS493
GWSS495
GWSS496
GWSS497
GWSS499
GWSS501
GWSS504
GWSS542
GWSS564
GWSS590
GWSS593
GWSS595
GWSS598
GWSS599
GWSS600
GWSS700
GWSS701
GWSS800

Biology (BIOL): 
BIOL106
BIOL114
BIOL118
BIOL119
BIOL180
BIOL200
BIOL220
BIOL250
BIOL302
BIOL315
BIOL340
BIOL350
BIOL354
BIOL355
BIOL356
BIOL360
BIOL396
BIOL399
BIOL400
BIOL401
BIOL404
BIOL411
BIOL441
BIOL442
BIOL448
BIOL453
BIOL462
BIOL466
BIOL468
BIOL473
BIOL474
BIOL479
BIOL481
BIOL483
BIOL485
BIOL488
BIOL490
BIOL497
BIOL498
BIOL499
BIOL500
BIOL501
BIOL502
BIOL511
BIOL520
BIOL540
BIOL541
BIOL543
BIOL545
BIOL550
BIOL551
BIOL552
BIOL555
BIOL560
BIOL561
BIOL563
BIOL571
BIOL580
BIOL581
BIOL590
BIOL591
BIOL600
BIOL700
BIOL800

Architecture (ARCH): 
ARCH150
ARCH151
ARCH200
ARCH251
ARCH300
ARCH303
ARCH310
ARCH315
ARCH320
ARCH332
ARCH350
ARCH361
ARCH380
ARCH400
ARCH410
ARCH435
ARCH439
ARCH441
ARCH460
ARCH478
ARCH481
ARCH498
ARCH499
ARCH500
ARCH503
ARCH504
ARCH521
ARCH527
ARCH532
ARCH560
ARCH564
ARCH571
ARCH574
ARCH578
ARCH587
ARCH588
ARCH590
ARCH597
ARCH599
ARCH600
ARCH700

Built Environment (B E): 
BE498
BE550
BE551
BE597
BE598
BE600
BE800

Construction Management (CM): 
CM301
CM310
CM311
CM312
CM313
CM333
CM410
CM411
CM413
CM414
CM415
CM416
CM499
CM500
CM510
CM520
CM575
CM600
CM700

Landscape Architecture (L ARCH): 
LARCH212
LARCH300
LARCH301
LARCH332
LARCH341
LARCH352
LARCH403
LARCH406
LARCH411
LARCH441
LARCH476
LARCH495
LARCH498
LARCH499
LARCH501
LARCH507
LARCH552
LARCH570
LARCH590
LARCH598
LARCH600
LARCH601
LARCH700

Community, Environment, and Planning (CEP): 
CEP200
CEP300
CEP301
CEP400
CEP446
CEP460
CEP490
CEP499

Real Estate (R E): 
RE552
RE555
RE556
RE561
RE571
RE598

Urban Planning (URBDP): 
URBDP450
URBDP466
URBDP479
URBDP498
URBDP499
URBDP500
URBDP508
URBDP512
URBDP520
URBDP546
URBDP547
URBDP552
URBDP555
URBDP556
URBDP557
URBDP569
URBDP578
URBDP585
URBDP590
URBDP591
URBDP593
URBDP598
URBDP600
URBDP700
URBDP800

: 
Accounting (ACCTG): 
ACCTG199
ACCTG215
ACCTG225
ACCTG301
ACCTG302
ACCTG303
ACCTG311
ACCTG320
ACCTG321
ACCTG411
ACCTG440
ACCTG485
ACCTG490
ACCTG495
ACCTG499
ACCTG500
ACCTG521
ACCTG523
ACCTG527
ACCTG530
ACCTG533
ACCTG534
ACCTG539
ACCTG540
ACCTG579
ACCTG582
ACCTG599
ACCTG600

Administration (ADMIN): 

Business Administration (B A): 
BA500
BA542
BA545
BA560
BA800

Business Administration Research Methods (BA RM): 
BARM590

Business Communications (B CMU): 
BCMU301
BCMU499
BCMU600

Business Economics (B ECON): 
BECON300
BECON301
BECON499
BECON500
BECON527
BECON579
BECON600

Business Policy (B POL): 
BPOL499

Entrepreneurship (ENTRE): 
ENTRE370
ENTRE432
ENTRE443
ENTRE455
ENTRE457
ENTRE472
ENTRE490
ENTRE499
ENTRE510
ENTRE542
ENTRE543
ENTRE555
ENTRE557
ENTRE579
ENTRE600

Finance (FIN): 
FIN350
FIN423
FIN425
FIN453
FIN457
FIN466
FIN490
FIN495
FIN499
FIN552
FIN557
FIN566
FIN579
FIN590
FIN599
FIN600

Human Resources Management and Organizational Behavior (HRMOB): 
HRMOB499

Information Systems (I S): 
IS300
IS320
IS410
IS445
IS451
IS495
IS499
IS581
IS599
IS600

Information Systems Master of Science (MSIS): 
MSIS510
MSIS511
MSIS512
MSIS550

International Business (I BUS): 
IBUS300
IBUS330
IBUS470
IBUS491
IBUS495
IBUS499
IBUS600

Management (MGMT): 
MGMT200
MGMT300
MGMT311
MGMT320
MGMT401
MGMT402
MGMT403
MGMT430
MGMT495
MGMT499
MGMT500
MGMT504
MGMT510
MGMT547
MGMT594
MGMT599
MGMT600

Marketing (MKTG): 
MKTG301
MKTG335
MKTG410
MKTG430
MKTG450
MKTG455
MKTG460
MKTG470
MKTG490
MKTG495
MKTG499
MKTG512
MKTG550
MKTG555
MKTG579
MKTG581
MKTG599
MKTG600

Operations Management (OPMGT): 
OPMGT301
OPMGT443
OPMGT450
OPMGT495
OPMGT499
OPMGT502
OPMGT579
OPMGT587
OPMGT599
OPMGT600

Quantitative Methods (QMETH): 
QMETH201
QMETH450
QMETH499
QMETH501
QMETH599
QMETH600

Dental Hygiene (D HYG): 
DHYG500
DHYG501
DHYG502
DHYG503
DHYG595

Dental Public Health Sciences (DPHS): 
DPHS449
DPHS510
DPHS550
DPHS568
DPHS640
DPHS650
DPHS660

Dentistry (DENT): 
DENT533
DENT548
DENT550
DENT551
DENT555
DENT563
DENT565
DENT568
DENT569
DENT613
DENT640
DENT641
DENT650
DENT657
DENT700

Endodontics (ENDO): 
ENDO534
ENDO550
ENDO581
ENDO585
ENDO590
ENDO594
ENDO600
ENDO630
ENDO660

Oral Biology (ORALB): 
ORALB449
ORALB520
ORALB540
ORALB550
ORALB562
ORALB564
ORALB565
ORALB572
ORALB575
ORALB578
ORALB580
ORALB581
ORALB600
ORALB700
ORALB800

Oral Medicine (ORALM): 
ORALM404
ORALM460
ORALM520
ORALM525
ORALM531
ORALM540
ORALM545
ORALM550
ORALM565
ORALM570
ORALM576
ORALM581
ORALM600
ORALM601
ORALM630
ORALM640
ORALM650
ORALM651
ORALM660
ORALM664
ORALM665
ORALM670

Oral Surgery (O S): 
OS521
OS523
OS530
OS532
OS540
OS550
OS560
OS564
OS565
OS600
OS630
OS645
OS651

Orthodontics (ORTHO): 
ORTHO449
ORTHO520
ORTHO550
ORTHO552
ORTHO560
ORTHO563
ORTHO566
ORTHO570
ORTHO575
ORTHO582
ORTHO584
ORTHO585
ORTHO587
ORTHO589
ORTHO598
ORTHO600
ORTHO630
ORTHO631
ORTHO660
ORTHO682

Pediatric Dentistry (PEDO): 
PEDO550
PEDO571
PEDO575
PEDO580
PEDO600
PEDO630
PEDO650
PEDO661
PEDO668
PEDO669
PEDO671
PEDO675
PEDO681
PEDO699

Periodontics (PERIO): 
PERIO449
PERIO530
PERIO540
PERIO550
PERIO561
PERIO567
PERIO575
PERIO577
PERIO578
PERIO582
PERIO585
PERIO586
PERIO600
PERIO630
PERIO640
PERIO660

Prosthodontics (PROS): 
PROS520
PROS523
PROS550
PROS564
PROS571
PROS630
PROS640
PROS650
PROS660

Restorative Dentistry (RES D): 
RESD515
RESD520
RESD525
RESD530
RESD540
RESD550
RESD570
RESD580
RESD588
RESD590
RESD600
RESD630
RESD640
RESD650
RESD660

: 
Curriculum and Instruction (EDC&I): 
EDC&I460
EDC&I469
EDC&I474
EDC&I499
EDC&I500
EDC&I505
EDC&I506
EDC&I524
EDC&I528
EDC&I536
EDC&I540
EDC&I559
EDC&I569
EDC&I577
EDC&I599
EDC&I600
EDC&I601

College of Education (EDUC): 
EDUC260
EDUC299
EDUC305
EDUC310
EDUC360
EDUC361
EDUC369
EDUC401
EDUC502
EDUC700
EDUC800

Early Childhood and Family Studies (ECFS): 
ECFS200
ECFS303
ECFS399
ECFS400
ECFS401
ECFS410
ECFS454
ECFS499

Education (Teacher Education Program) (EDTEP): 
EDTEP502
EDTEP521
EDTEP522
EDTEP532
EDTEP541
EDTEP544
EDTEP564
EDTEP566
EDTEP573
EDTEP581
EDTEP583
EDTEP585
EDTEP587
EDTEP593
EDTEP600

Educational Leadership and Policy Studies (EDLPS): 
EDLPS499
EDLPS504
EDLPS510
EDLPS516
EDLPS520
EDLPS525
EDLPS528
EDLPS530
EDLPS550
EDLPS560
EDLPS563
EDLPS579
EDLPS580
EDLPS596
EDLPS598
EDLPS599
EDLPS600
EDLPS601

Educational Psychology (EDPSY): 
EDPSY304
EDPSY402
EDPSY471
EDPSY490
EDPSY499
EDPSY500
EDPSY501
EDPSY503
EDPSY508
EDPSY535
EDPSY548
EDPSY554
EDPSY565
EDPSY566
EDPSY572
EDPSY573
EDPSY581
EDPSY582
EDPSY586
EDPSY599
EDPSY600
EDPSY601

Special Education (EDSPE): 
EDSPE419
EDSPE499
EDSPE500
EDSPE501
EDSPE503
EDSPE504
EDSPE510
EDSPE511
EDSPE513
EDSPE518
EDSPE520
EDSPE527
EDSPE530
EDSPE541
EDSPE563
EDSPE564
EDSPE599
EDSPE600
EDSPE601

Aeronautics and Astronautics (A A): 
AA210
AA299
AA310
AA311
AA320
AA402
AA405
AA430
AA447
AA461
AA470
AA498
AA499
AA503
AA504
AA510
AA516
AA523
AA527
AA530
AA547
AA559
AA560
AA571
AA595
AA598
AA599
AA600
AA700
AA800

Aerospace Engineering (A E): 
AE501
AE598

Chemical Engineering (CHEM E): 
CHEME299
CHEME301
CHEME325
CHEME330
CHEME341
CHEME435
CHEME436
CHEME455
CHEME465
CHEME484
CHEME490
CHEME499
CHEME510
CHEME511
CHEME512
CHEME523
CHEME525
CHEME530
CHEME555
CHEME584
CHEME591
CHEME599
CHEME600
CHEME700
CHEME800

Nanoscience and Molecular Engineering (NME): 
NME498

Civil and Environmental Engineering (CEE): 
CEE291
CEE297
CEE299
CEE307
CEE317
CEE337
CEE347
CEE377
CEE416
CEE424
CEE428
CEE436
CEE451
CEE452
CEE463
CEE476
CEE482
CEE483
CEE491
CEE496
CEE498
CEE499
CEE500
CEE501
CEE505
CEE511
CEE516
CEE518
CEE527
CEE540
CEE543
CEE551
CEE557
CEE560
CEE580
CEE581
CEE582
CEE588
CEE590
CEE591
CEE599
CEE600
CEE601
CEE700
CEE800

Computer Science and Engineering (CSE): 
CSE131
CSE142
CSE143
CSE154
CSE190
CSE311
CSE312
CSE331
CSE332
CSE333
CSE344
CSE351
CSE352
CSE373
CSE390
CSE403
CSE413
CSE421
CSE440
CSE451
CSE455
CSE457
CSE458
CSE459
CSE461
CSE464
CSE466
CSE473
CSE481
CSE484
CSE486
CSE490
CSE498
CSE499
CSE505
CSE519
CSE520
CSE527
CSE546
CSE548
CSE550
CSE557
CSE573
CSE586
CSE590
CSE591
CSE599
CSE600
CSE700
CSE800

Electrical Engineering (E E): 
EE215
EE233
EE235
EE271
EE299
EE331
EE332
EE351
EE361
EE393
EE398
EE400
EE415
EE416
EE418
EE423
EE433
EE440
EE447
EE452
EE454
EE472
EE476
EE478
EE482
EE490
EE491
EE499
EE500
EE502
EE505
EE510
EE512
EE518
EE523
EE539
EE547
EE552
EE559
EE567
EE572
EE579
EE590
EE592
EE599
EE600
EE700
EE800

Engineering (ENGR): 
ENGR101
ENGR102
ENGR197
ENGR199
ENGR202
ENGR320
ENGR321
ENGR322
ENGR498
ENGR499
ENGR598
ENGR601

Human Centered Design and Engineering (HCDE): 
HCDE231
HCDE300
HCDE310
HCDE417
HCDE455
HCDE495
HCDE496
HCDE499
HCDE521
HCDE523
HCDE541
HCDE542
HCDE548
HCDE561
HCDE596
HCDE599
HCDE601
HCDE800

Industrial Engineering (IND E): 
INDE250
INDE315
INDE337
INDE410
INDE430
INDE455
INDE470
INDE498
INDE499
INDE512
INDE513
INDE537
INDE543
INDE564
INDE581
INDE591
INDE595
INDE599
INDE600
INDE700
INDE800

Materials Science and Engineering (MS E): 
MSE170
MSE298
MSE310
MSE311
MSE321
MSE331
MSE442
MSE471
MSE475
MSE491
MSE497
MSE498
MSE499
MSE501
MSE504
MSE510
MSE520
MSE598
MSE599
MSE600
MSE700
MSE800

Mechanical Engineering (M E): 
ME123
ME124
ME323
ME331
ME354
ME395
ME410
ME411
ME430
ME431
ME461
ME469
ME471
ME473
ME478
ME480
ME495
ME498
ME499
ME501
ME503
ME504
ME510
ME511
ME520
ME522
ME523
ME529
ME537
ME547
ME551
ME556
ME561
ME564
ME588
ME599
ME600
ME700
ME800

Technical Communication (see Human Centered Design and Engineering): 
HCDE231
HCDE300
HCDE310
HCDE417
HCDE455
HCDE495
HCDE496
HCDE499
HCDE521
HCDE523
HCDE541
HCDE542
HCDE548
HCDE561
HCDE596
HCDE599
HCDE601
HCDE800

: 
Aquatic and Fishery Sciences (FISH): 
FISH250
FISH290
FISH311
FISH323
FISH340
FISH423
FISH441
FISH450
FISH452
FISH473
FISH474
FISH479
FISH489
FISH493
FISH494
FISH495
FISH498
FISH499
FISH502
FISH507
FISH511
FISH522
FISH541
FISH552
FISH553
FISH559
FISH560
FISH600
FISH700
FISH800

Atmospheric Sciences (ATM S): 
ATMS101
ATMS111
ATMS211
ATMS220
ATMS290
ATMS301
ATMS390
ATMS431
ATMS441
ATMS458
ATMS475
ATMS490
ATMS497
ATMS499
ATMS501
ATMS503
ATMS505
ATMS520
ATMS521
ATMS523
ATMS571
ATMS586
ATMS596
ATMS600
ATMS700
ATMS800

College of the Environment (C ENV): 
CENV110
CENV410
CENV420
CENV425
CENV430

Friday Harbor Labs (FHL): 
FHL305
FHL470
FHL490

Science Teaching (SCI T): 
SCIT501

Earth and Space Sciences (ESS): 
ESS101
ESS102
ESS106
ESS115
ESS119
ESS210
ESS211
ESS230
ESS302
ESS313
ESS314
ESS403
ESS408
ESS410
ESS411
ESS420
ESS427
ESS431
ESS433
ESS435
ESS439
ESS461
ESS471
ESS472
ESS475
ESS489
ESS490
ESS498
ESS499
ESS503
ESS505
ESS508
ESS509
ESS511
ESS518
ESS527
ESS529
ESS541
ESS558
ESS562
ESS575
ESS586
ESS590
ESS592
ESS594
ESS595
ESS596
ESS599
ESS600
ESS601
ESS700
ESS800

Program on the Environment (ENVIR): 
ENVIR100
ENVIR200
ENVIR211
ENVIR221
ENVIR250
ENVIR280
ENVIR350
ENVIR362
ENVIR379
ENVIR416
ENVIR460
ENVIR476
ENVIR480
ENVIR489
ENVIR490
ENVIR491
ENVIR492
ENVIR495
ENVIR498
ENVIR499
ENVIR500
ENVIR511

Bioresource and  Science Engineering (BSE): 
BSE150
BSE211
BSE248
BSE391
BSE399
BSE406
BSE422
BSE430
BSE489
BSE490
BSE497
BSE499

Environmental Science and Resource Management (ESRM): 
ESRM100
ESRM101
ESRM150
ESRM201
ESRM210
ESRM250
ESRM304
ESRM311
ESRM320
ESRM325
ESRM350
ESRM362
ESRM371
ESRM381
ESRM399
ESRM403
ESRM409
ESRM415
ESRM425
ESRM428
ESRM429
ESRM441
ESRM452
ESRM455
ESRM456
ESRM462
ESRM474
ESRM489
ESRM490
ESRM491
ESRM494
ESRM495
ESRM496
ESRM499

School of Environmental and Forest Sciences (SEFS): 
SEFS500
SEFS501
SEFS503
SEFS507
SEFS510
SEFS520
SEFS521
SEFS523
SEFS529
SEFS535
SEFS549
SEFS550
SEFS554
SEFS574
SEFS590
SEFS592
SEFS595
SEFS600
SEFS601
SEFS700
SEFS800

School of Marine and Environmental Affairs (SMEA): 
SMEA407
SMEA476
SMEA485
SMEA499
SMEA500
SMEA507
SMEA509
SMEA550
SMEA570
SMEA571
SMEA600
SMEA700

Oceanography (OCEAN): 
OCEAN100
OCEAN101
OCEAN115
OCEAN210
OCEAN230
OCEAN250
OCEAN300
OCEAN410
OCEAN430
OCEAN443
OCEAN452
OCEAN475
OCEAN479
OCEAN494
OCEAN496
OCEAN497
OCEAN499
OCEAN502
OCEAN510
OCEAN511
OCEAN520
OCEAN529
OCEAN535
OCEAN539
OCEAN549
OCEAN586
OCEAN596
OCEAN600
OCEAN700
OCEAN800

Quantitative Science (Q SCI): 
QSCI291
QSCI381
QSCI482
QSCI497
QSCI498
QSCI499

Informatics (INFO): 
INFO101
INFO102
INFO200
INFO312
INFO320
INFO340
INFO341
INFO343
INFO360
INFO424
INFO444
INFO445
INFO466
INFO470
INFO481
INFO495
INFO498
INFO499

Information School Interdisciplinary (INFX): 
INFX501
INFX502
INFX503
INFX504
INFX505
INFX531
INFX542
INFX543
INFX563
INFX571
INFX573
INFX598

Information Science (INSC): 
INSC500
INSC547
INSC555
INSC565
INSC566
INSC570
INSC575
INSC576
INSC579
INSC588
INSC599
INSC600
INSC800

Information Management (IMT): 
IMT551
IMT580

Library and Information Science (LIS): 
LIS531
LIS580

: 
Biomolecular Structure and Design (BMSD): 
BMSD520
BMSD540
BMSD599

Graduate School (GRDSCH): 
GRDSCH200
GRDSCH615
GRDSCH616
GRDSCH630

Individual PhD (IPHD): 
IPHD600
IPHD800

Molecular and Cellular Biology (MCB): 
MCB513
MCB514
MCB517
MCB520
MCB532
MCB533
MCB560
MCB580
MCB599
MCB600
MCB700
MCB800

Museology (MUSEUM): 
MUSEUM580
MUSEUM583
MUSEUM584
MUSEUM588
MUSEUM592
MUSEUM597
MUSEUM600
MUSEUM601
MUSEUM700
MUSEUM710

Near and Middle Eastern Studies (N&MES): 
N&MES800

Neurobiology and Behavior (NEUBEH): 
NEUBEH501
NEUBEH504
NEUBEH510
NEUBEH511
NEUBEH515
NEUBEH526
NEUBEH527
NEUBEH600
NEUBEH700
NEUBEH800

Nutritional Science (NUTR): 
NUTR300
NUTR412
NUTR490
NUTR499
NUTR500
NUTR511
NUTR512
NUTR520
NUTR526
NUTR529
NUTR532
NUTR537
NUTR538
NUTR559
NUTR561
NUTR563
NUTR595
NUTR600
NUTR700
NUTR800

College of the Environment: 
Quantitative Ecology and Resource Management (QERM): 
QERM597
QERM600
QERM700
QERM800

College of the Environment: 
: 
Bioengineering (BIOEN): 
BIOEN215
BIOEN299
BIOEN325
BIOEN326
BIOEN327
BIOEN402
BIOEN403
BIOEN410
BIOEN420
BIOEN423
BIOEN457
BIOEN486
BIOEN490
BIOEN497
BIOEN498
BIOEN499
BIOEN505
BIOEN511
BIOEN518
BIOEN523
BIOEN530
BIOEN586
BIOEN598
BIOEN599
BIOEN600
BIOEN601
BIOEN700
BIOEN800

Global Health (G H): 
GH399
GH401
GH410
GH499
GH500
GH501
GH511
GH521
GH532
GH539
GH562
GH566
GH575
GH580
GH590
GH592
GH593
GH595
GH600
GH700
GH800

University Conjoint Courses (UCONJ): 
UCONJ444
UCONJ520
UCONJ531
UCONJ584
UCONJ599

: 
Law (LAW): 
LAW100
LAW600
LAW800

Law A (LAW A): 
LAWA501
LAWA502
LAWA503
LAWA504
LAWA506
LAWA507
LAWA515
LAWA517
LAWA519
LAWA530
LAWA540
LAWA545
LAWA552
LAWA561
LAWA562
LAWA566
LAWA572
LAWA574
LAWA575
LAWA577
LAWA579
LAWA581
LAWA592
LAWA595
LAWA599

Law B (LAW B): 
LAWB503
LAWB507
LAWB510
LAWB516
LAWB519
LAWB520
LAWB523
LAWB526
LAWB530
LAWB532
LAWB533
LAWB535
LAWB538
LAWB539
LAWB540
LAWB542
LAWB550
LAWB551
LAWB552
LAWB554
LAWB556
LAWB558
LAWB560
LAWB562
LAWB564
LAWB567
LAWB570
LAWB578
LAWB579
LAWB580
LAWB582
LAWB585
LAWB596
LAWB598
LAWB599

Law E (LAW E): 
LAWE500
LAWE503
LAWE508
LAWE515
LAWE523
LAWE524
LAWE525
LAWE529
LAWE530
LAWE544
LAWE546
LAWE554
LAWE566
LAWE583
LAWE594
LAWE599

Law (Health) (LAW H): 
LAWH501
LAWH506
LAWH508
LAWH511
LAWH512
LAWH515
LAWH520
LAWH528
LAWH579

Law (Intellectual Property) (LAW P): 
LAWP501
LAWP503
LAWP525
LAWP528
LAWP590

Law (Taxation) (LAW T): 
LAWT501
LAWT504
LAWT505
LAWT510
LAWT515
LAWT526
LAWT528
LAWT534

: 
Anesthesiology (ANEST): 
ANEST498
ANEST499
ANEST501
ANEST650
ANEST665
ANEST667
ANEST668
ANEST671
ANEST674
ANEST677
ANEST678
ANEST679
ANEST680
ANEST681
ANEST682
ANEST697
ANEST699

Biochemistry (BIOC): 
BIOC405
BIOC426
BIOC440
BIOC499
BIOC510
BIOC515
BIOC516
BIOC517
BIOC518
BIOC520
BIOC526
BIOC528
BIOC529
BIOC530
BIOC533
BIOC535
BIOC536
BIOC537
BIOC540
BIOC555
BIOC556
BIOC557
BIOC559
BIOC560
BIOC561
BIOC566
BIOC568
BIOC569
BIOC575
BIOC576
BIOC577
BIOC578
BIOC581
BIOC588
BIOC600
BIOC700
BIOC800

Bioethics and Humanities (B H): 
BH401
BH402
BH456
BH460
BH499
BH502
BH509
BH551
BH553
BH556
BH596
BH600

Biological Structure (B STR): 
BSTR498
BSTR499
BSTR501
BSTR510
BSTR512
BSTR530
BSTR540
BSTR541
BSTR555
BSTR557
BSTR580
BSTR584
BSTR591
BSTR598
BSTR600
BSTR700
BSTR800

Biomedical Informatics and Medical Education (BIME): 
BIME499
BIME522
BIME530
BIME535
BIME590
BIME591
BIME598
BIME599
BIME600
BIME700
BIME800

Comparative Medicine (C MED): 
CMED407
CMED499
CMED512
CMED514
CMED516
CMED518
CMED520
CMED530
CMED590
CMED600
CMED601
CMED700

Conjoint Courses (CONJ): 
CONJ401
CONJ505
CONJ510
CONJ511
CONJ513
CONJ530
CONJ531
CONJ532
CONJ533
CONJ534
CONJ537
CONJ538
CONJ539
CONJ546
CONJ552
CONJ556
CONJ585
CONJ616
CONJ617
CONJ625
CONJ626
CONJ630
CONJ659
CONJ660
CONJ662
CONJ663
CONJ664
CONJ665
CONJ666
CONJ667
CONJ668
CONJ669
CONJ670
CONJ671
CONJ672
CONJ673
CONJ674
CONJ675
CONJ677
CONJ679
CONJ680
CONJ681
CONJ682
CONJ683
CONJ684
CONJ685
CONJ686
CONJ687
CONJ688
CONJ689
CONJ690
CONJ691
CONJ692
CONJ693
CONJ694
CONJ695
CONJ698
CONJ699

Family Medicine (FAMED): 
FAMED499
FAMED501
FAMED502
FAMED525
FAMED631
FAMED632
FAMED633
FAMED634
FAMED635
FAMED636
FAMED637
FAMED638
FAMED640
FAMED641
FAMED642
FAMED643
FAMED644
FAMED645
FAMED646
FAMED647
FAMED648
FAMED649
FAMED650
FAMED651
FAMED652
FAMED653
FAMED655
FAMED656
FAMED657
FAMED658
FAMED659
FAMED660
FAMED661
FAMED662
FAMED663
FAMED664
FAMED665
FAMED666
FAMED670
FAMED674
FAMED676
FAMED677
FAMED678
FAMED679
FAMED680
FAMED681
FAMED682
FAMED683
FAMED684
FAMED685
FAMED688
FAMED697
FAMED699

Genome Sciences (GENOME): 
GENOME361
GENOME371
GENOME372
GENOME453
GENOME499
GENOME501
GENOME520
GENOME521
GENOME522
GENOME523
GENOME525
GENOME550
GENOME552
GENOME553
GENOME573
GENOME581
GENOME584
GENOME599
GENOME600
GENOME700
GENOME800

Human Biology (HUBIO): 
HUBIO501
HUBIO510
HUBIO511
HUBIO513
HUBIO514
HUBIO516
HUBIO540
HUBIO541
HUBIO542
HUBIO543
HUBIO547
HUBIO548
HUBIO562
HUBIO590
HUBIO597

Immunology (IMMUN): 
IMMUN441
IMMUN499
IMMUN537
IMMUN550
IMMUN551
IMMUN552
IMMUN553
IMMUN554
IMMUN555
IMMUN556
IMMUN557
IMMUN558
IMMUN559
IMMUN560
IMMUN561
IMMUN562
IMMUN563
IMMUN564
IMMUN565
IMMUN566
IMMUN567
IMMUN568
IMMUN569
IMMUN570
IMMUN571
IMMUN572
IMMUN573
IMMUN574
IMMUN575
IMMUN576
IMMUN577
IMMUN578
IMMUN579
IMMUN599
IMMUN600
IMMUN700
IMMUN800

Laboratory Medicine (LAB M): 
LABM423
LABM424
LABM425
LABM426
LABM427
LABM428
LABM429
LABM431
LABM432
LABM433
LABM499
LABM502
LABM510
LABM521
LABM590
LABM601
LABM680
LABM699
LABM700

Emergency Medicine (MED EM): 
MEDEM501
MEDEM605
MEDEM606
MEDEM607
MEDEM624
MEDEM625
MEDEM626
MEDEM645
MEDEM646
MEDEM657
MEDEM658
MEDEM668
MEDEM680
MEDEM681
MEDEM682
MEDEM697
MEDEM699

Medicine (MED): 
MED498
MED499
MED505
MED507
MED530
MED549
MED556
MED557
MED600

Medicine Elective Clerkships (MEDECK): 
MEDECK601
MEDECK602
MEDECK603
MEDECK604
MEDECK605
MEDECK606
MEDECK607
MEDECK608
MEDECK609
MEDECK610
MEDECK611
MEDECK612
MEDECK613
MEDECK614
MEDECK615
MEDECK616
MEDECK617
MEDECK618
MEDECK619
MEDECK620
MEDECK622
MEDECK626
MEDECK627
MEDECK628
MEDECK629
MEDECK630
MEDECK631
MEDECK633
MEDECK634
MEDECK636
MEDECK638
MEDECK639
MEDECK640
MEDECK644
MEDECK651
MEDECK653
MEDECK654
MEDECK664
MEDECK665
MEDECK671
MEDECK673
MEDECK674
MEDECK677
MEDECK678
MEDECK679
MEDECK680
MEDECK681
MEDECK690
MEDECK691
MEDECK692
MEDECK693
MEDECK694
MEDECK695
MEDECK696
MEDECK697

Medicine Required Clerkships (MEDRCK): 
MEDRCK601
MEDRCK612
MEDRCK614
MEDRCK616
MEDRCK621
MEDRCK622
MEDRCK624
MEDRCK630
MEDRCK632
MEDRCK634
MEDRCK636
MEDRCK638
MEDRCK652
MEDRCK654
MEDRCK672
MEDRCK673
MEDRCK674
MEDRCK676
MEDRCK678
MEDRCK691

Microbiology (MICROM): 
MICROM301
MICROM302
MICROM402
MICROM410
MICROM443
MICROM482
MICROM495
MICROM496
MICROM499
MICROM500
MICROM520
MICROM522
MICROM526
MICROM529
MICROM532
MICROM533
MICROM534
MICROM555
MICROM563
MICROM585
MICROM599
MICROM600
MICROM700
MICROM800

Molecular Medicine (MOLMED): 
MOLMED513
MOLMED540

Neurological Surgery (NEUR S): 
NEURS498
NEURS499
NEURS505
NEURS665
NEURS680
NEURS697
NEURS699

Neurology (NEURL): 
NEURL495
NEURL499
NEURL505
NEURL632
NEURL633
NEURL634
NEURL637
NEURL638
NEURL639
NEURL640
NEURL642
NEURL643
NEURL644
NEURL645
NEURL647
NEURL648
NEURL649
NEURL652
NEURL654
NEURL655
NEURL656
NEURL657
NEURL658
NEURL659
NEURL660
NEURL661
NEURL662
NEURL663
NEURL664
NEURL665
NEURL666
NEURL667
NEURL668
NEURL669
NEURL670
NEURL671
NEURL672
NEURL681
NEURL685
NEURL686
NEURL687
NEURL697
NEURL699

Obstetrics and Gynecology (OB GYN): 
OBGYN498
OBGYN499
OBGYN505
OBGYN550
OBGYN551
OBGYN579
OBGYN631
OBGYN632
OBGYN639
OBGYN655
OBGYN657
OBGYN659
OBGYN662
OBGYN663
OBGYN664
OBGYN665
OBGYN667
OBGYN668
OBGYN669
OBGYN670
OBGYN671
OBGYN672
OBGYN676
OBGYN677
OBGYN678
OBGYN679
OBGYN681
OBGYN682
OBGYN683
OBGYN685
OBGYN686
OBGYN687
OBGYN690
OBGYN691
OBGYN692
OBGYN693
OBGYN695
OBGYN697
OBGYN699

Ophthalmology (OPHTH): 
OPHTH498
OPHTH499
OPHTH501
OPHTH681
OPHTH683
OPHTH685
OPHTH686
OPHTH688
OPHTH689
OPHTH690
OPHTH691
OPHTH697
OPHTH699

Orthopedics (ORTHP): 
ORTHP498
ORTHP499
ORTHP505
ORTHP644
ORTHP650
ORTHP668
ORTHP669
ORTHP675
ORTHP676
ORTHP677
ORTHP678
ORTHP680
ORTHP681
ORTHP682
ORTHP684
ORTHP685
ORTHP687
ORTHP697
ORTHP699

Otolaryngology--Head and Neck Surgery (OTOHN): 
OTOHN498
OTOHN499
OTOHN501
OTOHN678
OTOHN679
OTOHN680
OTOHN681
OTOHN682
OTOHN683
OTOHN684
OTOHN685
OTOHN686
OTOHN687
OTOHN688
OTOHN697
OTOHN699

Pathology (PATH): 
PATH499
PATH501
PATH507
PATH511
PATH512
PATH513
PATH520
PATH521
PATH540
PATH551
PATH600
PATH677
PATH678
PATH679
PATH680
PATH681
PATH682
PATH683
PATH685
PATH687
PATH688
PATH690
PATH691
PATH697
PATH699
PATH700
PATH800

Pediatrics (PEDS): 
PEDS498
PEDS499
PEDS505
PEDS611
PEDS622
PEDS624
PEDS625
PEDS636
PEDS637
PEDS640
PEDS651
PEDS653
PEDS655
PEDS656
PEDS657
PEDS658
PEDS659
PEDS660
PEDS661
PEDS662
PEDS663
PEDS664
PEDS665
PEDS666
PEDS667
PEDS668
PEDS669
PEDS670
PEDS671
PEDS672
PEDS673
PEDS674
PEDS675
PEDS677
PEDS678
PEDS679
PEDS681
PEDS683
PEDS684
PEDS685
PEDS686
PEDS691
PEDS692
PEDS697
PEDS699

Pharmacology (PHCOL): 
PHCOL401
PHCOL434
PHCOL498
PHCOL499
PHCOL507
PHCOL514
PHCOL515
PHCOL519
PHCOL534
PHCOL550
PHCOL560
PHCOL561
PHCOL562
PHCOL563
PHCOL564
PHCOL565
PHCOL566
PHCOL569
PHCOL571
PHCOL572
PHCOL573
PHCOL575
PHCOL576
PHCOL577
PHCOL578
PHCOL579
PHCOL580
PHCOL600
PHCOL700
PHCOL800

Physiology and Biophysics (P BIO): 
PBIO498
PBIO499
PBIO504
PBIO505
PBIO508
PBIO513
PBIO520
PBIO521
PBIO522
PBIO525
PBIO600
PBIO700
PBIO800

Psychiatry and Behavioral Sciences (PBSCI): 
PBSCI498
PBSCI499
PBSCI505
PBSCI580
PBSCI600
PBSCI630
PBSCI638
PBSCI639
PBSCI640
PBSCI655
PBSCI661
PBSCI662
PBSCI663
PBSCI664
PBSCI665
PBSCI666
PBSCI667
PBSCI668
PBSCI669
PBSCI670
PBSCI671
PBSCI672
PBSCI673
PBSCI676
PBSCI677
PBSCI678
PBSCI680
PBSCI685
PBSCI688
PBSCI695
PBSCI696
PBSCI697
PBSCI699

Radiation Oncology (R ONC): 
RONC499
RONC505
RONC600
RONC694
RONC695
RONC697
RONC699

Radiology (RADGY): 
RADGY498
RADGY499
RADGY505
RADGY600
RADGY687
RADGY688
RADGY689
RADGY690
RADGY691
RADGY692
RADGY694
RADGY695
RADGY696
RADGY697
RADGY699

Prosthetics and Orthotics (RHB PO): 
RHBPO501
RHBPO511
RHBPO524
RHBPO525
RHBPO526
RHBPO533
RHBPO562
RHBPO582

Rehabilitation Medicine (REHAB): 
REHAB496
REHAB498
REHAB499
REHAB504
REHAB509
REHAB510
REHAB516
REHAB519
REHAB520
REHAB522
REHAB528
REHAB530
REHAB541
REHAB544
REHAB546
REHAB555
REHAB556
REHAB566
REHAB567
REHAB568
REHAB570
REHAB574
REHAB591
REHAB594
REHAB597
REHAB600
REHAB685
REHAB686
REHAB687
REHAB689
REHAB697
REHAB699
REHAB700
REHAB800

Surgery (SURG): 
SURG498
SURG499
SURG505
SURG600
SURG602
SURG603
SURG604
SURG605
SURG642
SURG644
SURG646
SURG647
SURG648
SURG650
SURG651
SURG652
SURG653
SURG654
SURG656
SURG657
SURG658
SURG659
SURG661
SURG664
SURG665
SURG666
SURG667
SURG668
SURG669
SURG670
SURG671
SURG672
SURG673
SURG674
SURG675
SURG677
SURG678
SURG679
SURG681
SURG682
SURG683
SURG685
SURG686
SURG687
SURG688
SURG689
SURG690
SURG691
SURG692
SURG693
SURG694
SURG695
SURG696
SURG697
SURG698
SURG699

Urology (UROL): 
UROL498
UROL499
UROL501
UROL675
UROL679
UROL680
UROL681
UROL682
UROL683
UROL684
UROL685
UROL690
UROL697
UROL699

: 
Nursing (NSG): 
NSG512
NSG530
NSG539
NSG555
NSG557
NSG561

Nursing (NURS): 
NURS201
NURS301
NURS308
NURS309
NURS415
NURS417
NURS420
NURS445
NURS499
NURS514
NURS524
NURS549
NURS552
NURS576
NURS580
NURS587
NURS588
NURS590
NURS599

Nursing Clinical (NCLIN): 
NCLIN302
NCLIN306
NCLIN409
NCLIN416
NCLIN418
NCLIN490
NCLIN500
NCLIN520
NCLIN534
NCLIN543
NCLIN566
NCLIN567
NCLIN599
NCLIN798

Nursing Methods (NMETH): 
NMETH499
NMETH523
NMETH527
NMETH591
NMETH598
NMETH600
NMETH700
NMETH800
NMETH801

: 
College of the Environment: 
: 
Medicinal Chemistry (MEDCH): 
MEDCH400
MEDCH495
MEDCH499
MEDCH520
MEDCH551
MEDCH552
MEDCH553
MEDCH554
MEDCH555
MEDCH556
MEDCH558
MEDCH559
MEDCH562
MEDCH582
MEDCH599
MEDCH600
MEDCH700
MEDCH800

Pharmaceutics (PCEUT): 
PCEUT499
PCEUT506
PCEUT520
PCEUT531
PCEUT570
PCEUT583
PCEUT587
PCEUT598
PCEUT599
PCEUT600
PCEUT700
PCEUT800

Pharmacy (PHARM): 
PHARM500
PHARM501
PHARM510
PHARM516
PHARM521
PHARM522
PHARM525
PHARM534
PHARM537
PHARM539
PHARM543
PHARM558
PHARM560
PHARM564
PHARM572
PHARM579
PHARM584
PHARM587
PHARM591
PHARM592
PHARM595
PHARM597
PHARM599
PHARM600
PHARM700
PHARM800

Pharmacy Practice (PHARMP): 
PHARMP513
PHARMP532
PHARMP571
PHARMP572
PHARMP573
PHARMP574
PHARMP575
PHARMP576
PHARMP577
PHARMP578
PHARMP581
PHARMP582
PHARMP583
PHARMP584
PHARMP585
PHARMP586
PHARMP587

Pharmacy Regulatory Affairs (PHRMRA): 

: 
Public Affairs (PB AF): 
PBAF503
PBAF507
PBAF511
PBAF514
PBAF516
PBAF518
PBAF519
PBAF522
PBAF529
PBAF531
PBAF538
PBAF546
PBAF550
PBAF555
PBAF566
PBAF571
PBAF573
PBAF578
PBAF579
PBAF589
PBAF590
PBAF597
PBAF598
PBAF599
PBAF600
PBAF605
PBAF608

Public Policy and Management (PPM): 
PPM500
PPM502
PPM504
PPM506
PPM512
PPM600
PPM601
PPM800

: 
Biostatistics (BIOST): 
BIOST310
BIOST499
BIOST511
BIOST514
BIOST516
BIOST517
BIOST536
BIOST551
BIOST561
BIOST570
BIOST578
BIOST580
BIOST581
BIOST582
BIOST590
BIOST595
BIOST600
BIOST700
BIOST800

Environmental Health (ENV H): 
ENVH111
ENVH311
ENVH431
ENVH440
ENVH451
ENVH453
ENVH472
ENVH480
ENVH482
ENVH490
ENVH497
ENVH499
ENVH514
ENVH530
ENVH537
ENVH541
ENVH545
ENVH551
ENVH564
ENVH572
ENVH573
ENVH577
ENVH580
ENVH581
ENVH587
ENVH590
ENVH591
ENVH592
ENVH593
ENVH595
ENVH596
ENVH597
ENVH598
ENVH599
ENVH600
ENVH700
ENVH800

Epidemiology (EPI): 
EPI499
EPI504
EPI511
EPI512
EPI516
EPI519
EPI527
EPI530
EPI536
EPI538
EPI554
EPI573
EPI583
EPI584
EPI585
EPI586
EPI587
EPI591
EPI592
EPI593
EPI595
EPI600
EPI700
EPI800

Health Informatics and Health Information (HIHIM): 
HIHIM408
HIHIM410
HIHIM412
HIHIM454
HIHIM499
HIHIM510
HIHIM525

Health Services (HSERV): 
HSERV100
HSERV490
HSERV499
HSERV511
HSERV512
HSERV522
HSERV523
HSERV541
HSERV551
HSERV552
HSERV556
HSERV583
HSERV586
HSERV590
HSERV592
HSERV595
HSERV599
HSERV600
HSERV700
HSERV800

Health Services Management (HSMGMT): 

Nutritional Science (NUTR): 
NUTR300
NUTR412
NUTR490
NUTR499
NUTR500
NUTR511
NUTR512
NUTR520
NUTR526
NUTR529
NUTR532
NUTR537
NUTR538
NUTR559
NUTR561
NUTR563
NUTR595
NUTR600
NUTR700
NUTR800

Pathobiology (PABIO): 
PABIO499
PABIO500
PABIO551
PABIO581
PABIO598
PABIO600
PABIO700
PABIO800

Public Health Genetics (PHG): 
PHG200
PHG519
PHG523
PHG551
PHG580
PHG595
PHG600
PHG700
PHG800

School of Public Health (SPH): 
SPH380
SPH490
SPH491
SPH493
SPH495
SPH497
SPH499

: 
Aerospace Studies (A S): 
AS101
AS211
AS250
AS331
AS431

Military Science (M SCI): 
MSCI101
MSCI110
MSCI201
MSCI301
MSCI305
MSCI310
MSCI401

Naval Science (N SCI): 
NSCI101
NSCI110
NSCI201
NSCI301
NSCI401
NSCI421

: 
Social Welfare BASW (SOC WF): 
SOCWF200
SOCWF310
SOCWF390
SOCWF402
SOCWF405
SOCWF415
SOCWF490
SOCWF499

Social Welfare (SOC WL): 
SOCWL515
SOCWL552
SOCWL556
SOCWL557
SOCWL558
SOCWL559
SOCWL577
SOCWL578
SOCWL582
SOCWL583
SOCWL584
SOCWL589
SOCWL590
SOCWL591
SOCWL598
SOCWL600
SOCWL800

Social Work (MSW) (SOC W): 
SOCW500
SOCW501
SOCW504
SOCW505
SOCW510
SOCW521
SOCW523
SOCW524
SOCW525
SOCW526
SOCW527
SOCW528
SOCW529
SOCW530
SOCW534
SOCW540
SOCW544
SOCW549
SOCW550
SOCW557
SOCW558
SOCW560
SOCW563
SOCW571
SOCW586
SOCW593
SOCW598
SOCW599
SOCW600
SOCW700
